1.59848E+12,33,Search Developer,200,OK,Thread Group 1-1,text,TRUE,,2192,155,1,1,http://192.168.99.100:5000/Home/Search?searchString=developer,31,0,23
1.59848E+12,9,Search Software Tester,200,OK,Thread Group 1-1,text,TRUE,,2198,163,1,1,http://192.168.99.100:5000/Home/Search?searchString=software%20tester,9,0,0
1.59848E+12,3,Search QA,200,OK,Thread Group 1-1,text,TRUE,,2185,148,1,1,http://192.168.99.100:5000/Home/Search?searchString=QA,3,0,0
1.59848E+12,3,Search Developer,200,OK,Thread Group 1-1,text,TRUE,,2192,155,1,1,http://192.168.99.100:5000/Home/Search?searchString=developer,3,0,0
1.59848E+12,3,Search Software Tester,200,OK,Thread Group 1-1,text,TRUE,,2198,163,1,1,http://192.168.99.100:5000/Home/Search?searchString=software%20tester,3,0,0
1.59848E+12,3,Search QA,200,OK,Thread Group 1-1,text,TRUE,,2185,148,1,1,http://192.168.99.100:5000/Home/Search?searchString=QA,3,0,0
1.59848E+12,3,Search Developer,200,OK,Thread Group 1-1,text,TRUE,,2192,155,1,1,http://192.168.99.100:5000/Home/Search?searchString=developer,3,0,0
1.59848E+12,4,Search Software Tester,200,OK,Thread Group 1-1,text,TRUE,,2198,163,1,1,http://192.168.99.100:5000/Home/Search?searchString=software%20tester,4,0,0
1.59848E+12,4,Search QA,200,OK,Thread Group 1-1,text,TRUE,,2185,148,1,1,http://192.168.99.100:5000/Home/Search?searchString=QA,4,0,0
1.59848E+12,8,Search Developer,200,OK,Thread Group 1-2,text,TRUE,,2192,155,1,1,http://192.168.99.100:5000/Home/Search?searchString=developer,8,0,3
1.59848E+12,5,Search Software Tester,200,OK,Thread Group 1-2,text,TRUE,,2198,163,1,1,http://192.168.99.100:5000/Home/Search?searchString=software%20tester,4,0,0
1.59848E+12,5,Search QA,200,OK,Thread Group 1-2,text,TRUE,,2185,148,1,1,http://192.168.99.100:5000/Home/Search?searchString=QA,4,0,0
1.59848E+12,4,Search Developer,200,OK,Thread Group 1-2,text,TRUE,,2192,155,1,1,http://192.168.99.100:5000/Home/Search?searchString=developer,4,0,0
1.59848E+12,4,Search Software Tester,200,OK,Thread Group 1-2,text,TRUE,,2198,163,1,1,http://192.168.99.100:5000/Home/Search?searchString=software%20tester,4,0,0
1.59848E+12,4,Search QA,200,OK,Thread Group 1-2,text,TRUE,,2185,148,1,1,http://192.168.99.100:5000/Home/Search?searchString=QA,4,0,0
1.59848E+12,4,Search Developer,200,OK,Thread Group 1-2,text,TRUE,,2192,155,1,1,http://192.168.99.100:5000/Home/Search?searchString=developer,4,0,0
1.59848E+12,3,Search Software Tester,200,OK,Thread Group 1-2,text,TRUE,,2198,163,1,1,http://192.168.99.100:5000/Home/Search?searchString=software%20tester,3,0,0
1.59848E+12,3,Search QA,200,OK,Thread Group 1-2,text,TRUE,,2185,148,1,1,http://192.168.99.100:5000/Home/Search?searchString=QA,3,0,0
1.59848E+12,8,Search Developer,200,OK,Thread Group 1-3,text,TRUE,,2192,155,1,1,http://192.168.99.100:5000/Home/Search?searchString=developer,8,0,3
1.59848E+12,3,Search Software Tester,200,OK,Thread Group 1-3,text,TRUE,,2198,163,1,1,http://192.168.99.100:5000/Home/Search?searchString=software%20tester,3,0,0
1.59848E+12,3,Search QA,200,OK,Thread Group 1-3,text,TRUE,,2185,148,1,1,http://192.168.99.100:5000/Home/Search?searchString=QA,3,0,0
1.59848E+12,3,Search Developer,200,OK,Thread Group 1-3,text,TRUE,,2192,155,1,1,http://192.168.99.100:5000/Home/Search?searchString=developer,2,0,0
1.59848E+12,2,Search Software Tester,200,OK,Thread Group 1-3,text,TRUE,,2198,163,1,1,http://192.168.99.100:5000/Home/Search?searchString=software%20tester,2,0,0
1.59848E+12,2,Search QA,200,OK,Thread Group 1-3,text,TRUE,,2185,148,1,1,http://192.168.99.100:5000/Home/Search?searchString=QA,2,0,0
1.59848E+12,2,Search Developer,200,OK,Thread Group 1-3,text,TRUE,,2192,155,1,1,http://192.168.99.100:5000/Home/Search?searchString=developer,1,0,0
1.59848E+12,3,Search Software Tester,200,OK,Thread Group 1-3,text,TRUE,,2198,163,1,1,http://192.168.99.100:5000/Home/Search?searchString=software%20tester,3,0,0
1.59848E+12,2,Search QA,200,OK,Thread Group 1-3,text,TRUE,,2185,148,1,1,http://192.168.99.100:5000/Home/Search?searchString=QA,2,0,0
